{"cameraMode":{"drawMode":0,"name":"Shaded","section":"Shading Mode"},"sceneLighting":true,"audioPlay":false,"sceneViewState":{"showFog":true,"showMaterialUpdate":true,"showSkybox":true,"showFlares":true,"showImageEffects":true,"showParticleSystems":true},"in2DMode":false,"pivot":{"x":30.891218185424806,"y":31.534740447998048,"z":12.624106407165528},"rotation":{"x":0.024165505543351175,"y":0.9052513837814331,"z":-0.42114511132240298,"w":0.051765721291303638},"size":0.7566296458244324,"orthographic":false}